,PC1,PC2,PC3
distance_variability_scaled,0.041031276497290776,0.7616907504050688,-0.6368866814778
companion_flight_ratio_scaled,0.5577984816220118,-0.4508217474705104,-0.4034014959976497
flight_regularity_scaled,0.3653644706691159,0.4600889125491113,0.6568236340000131
redemption_frequency_scaled,0.7441008613231531,0.07003674253115225,0.015010056697763053
